table_number,title,supplementary_section,source_artifacts,values_already_frozen,producible_without_recomputation,formats,basename,provenance_caveat
Table S1,Complete source-product inventory,S1,outputs/stellar_corpus/stellar_corpus_manifest.json | outputs/results/stage_22_13_manuscript_evidence_extraction/manuscript_methods_constants.csv,true,true,csv | json | tex,table_s01_complete_source_product_inventory,Only one source product entered the frozen experiment; incomplete metadata for context products is not inferred.
Table S2,Frozen K2-E2 experimental-source summary,S1,outputs/k2_e2_photometric_adapter/k2_e2_lightcurve_manifest.json | outputs/k2_e2_photometric_adapter/photometric_transformation_registry.json,true,true,csv | json | tex,table_s02_frozen_k2_e2_experimental_source_summary,Source labels are preserved literally; no more specific BJD or Kp calibration claim is made.
Table S3,Frozen 33-object pilot manifest,S1,outputs/k2_e2_photometric_adapter/k2_e2_photometric_transformation_manifest.json | outputs/k2_e2_photometric_adapter/k2_e2_lightcurve_manifest.json,true,true,csv | json | tex,table_s03_frozen_33_object_pilot_manifest,Photometric samples are repeated measurements nested within astronomical objects.
Table S4,Data and corpus provenance qualifications,S1,outputs/results/stage_22_13_manuscript_evidence_extraction/manuscript_open_items.csv | outputs/k2_e2_photometric_adapter/photometric_transformation_registry.json,true,true,csv | json | tex,table_s04_data_and_corpus_provenance_qualifications,Separates execution-bound facts from qualified or unresolved source conventions.
Table S5,Spectral input-validation contract,S2,outputs/k2_e2_lomb_scargle/lomb_scargle_execution_configuration.json | outputs/k2_e2_lomb_scargle/lomb_scargle_execution_audit.json,true,true,csv | json | tex,table_s05_spectral_input_validation_contract,Validation behavior is execution-corroborated; implementation-level clauses remain identified as such.
Table S6,Lomb–Scargle configuration and provenance,S2,outputs/k2_e2_lomb_scargle/lomb_scargle_execution_configuration.json | outputs/k2_e2_lomb_scargle/lomb_scargle_frequency_grid_summary_registry.json,true,true,csv | json | tex,table_s06_lomb_scargle_configuration_and_provenance,"normalization, fit_mean, center_data, and nterms remain strongly corroborated but not execution-bound."
Table S7,Deterministic peak-extraction contract,S2,outputs/k2_e2_periodogram_peaks/peak_extraction_configuration.json | outputs/k2_e2_periodogram_peaks/peak_suppression_registry.json | outputs/k2_e2_periodogram_peaks/dominant_peak_continuity_registry.json,true,true,csv | json | tex,table_s07_deterministic_peak_extraction_contract,Sampling-window matches are advisory and do not remove peaks.
Table S8,Frequency-relation ontology,S2,outputs/k2_e2_frequency_relationships/frequency_relationship_configuration.json,true,true,csv | json | tex,table_s08_frequency_relation_ontology,"Relation predicates are analytical definitions, not confirmed physical coupling."
Table S9,Canonical operational-reference contract,S2,outputs/k2_e2_spectral_interpretation/canonical_harmonic_family_registry.json | outputs/k2_e2_spectral_interpretation/canonical_harmonic_member_registry.json | outputs/k2_e2_spectral_interpretation/canonical_spectral_representation_registry.json,true,true,csv | json | tex,table_s09_canonical_operational_reference_contract,The operational reference is not asserted to be the physical stellar fundamental.
Table S10,Complete ordered PISD v2 feature registry,S3,outputs/k2_e2_pisd_v2/pisd_v2_feature_registry.json | outputs/k2_e2_pisd_v2/pisd_v2_feature_matrix_manifest.json | outputs/pisd_descriptor_contract/pisd_feature_contract_registry.json,true,true,csv | json | tex,table_s10_complete_ordered_pisd_v2_feature_registry,Formula-level wording follows executed adapters where later prose summaries conflict.
Table S11,PISD stability protocol,S3,outputs/k2_e2_pisd_v2_inputs/pisd_stability_input_registry.json | outputs/k2_e2_pisd_v2_audit/pisd_stability_feature_audit.json | outputs/k2_e2_pisd_v2/pisd_v2_execution_manifest.json,true,true,csv | json | tex,table_s11_pisd_stability_protocol,Uses 100 perturbations and persisted object-specific streams; no perturbation is recomputed here.
Table S12,Spectral graph relationship projection contract,S4,outputs/k2_e2_spectral_graphs/spectral_graph_construction_configuration.json | outputs/k2_e2_frequency_relationships/frequency_relationship_configuration.json,true,true,csv | json | tex,table_s12_spectral_graph_relationship_projection_contract,Projected directed edges retain upstream relationship identity.
Table S13,Ordered Graph-Core feature registry,S4,outputs/k2_e2_graph_core/graph_core_feature_registry.json,true,true,csv | json | tex,table_s13_ordered_graph_core_feature_registry,Graph-Core is topology-only and contains exactly 30 ordered features.
Table S14,Ordered Graph-Extended feature registry,S4,outputs/k2_e2_graph_extended/graph_extended_feature_registry.json,true,true,csv | json | tex,table_s14_ordered_graph_extended_feature_registry,Graph-Extended contains 36 operational physics-annotated summaries without physical-confirmation claims.
Table S15,Ordered Graph-All feature registry,S4,outputs/k2_e2_graph_core/graph_core_feature_registry.json | outputs/k2_e2_graph_extended/graph_extended_feature_registry.json | outputs/k2_e2_multiview_dataset/raw_multiview_dataset_manifest.json,true,true,csv | json | tex,table_s15_ordered_graph_all_feature_registry,Graph-All is the exact Core-then-Extended concatenation; no matrix is recomputed.
Table S16,Seven-view representation contract,S5,outputs/results/stage_21_8_publication_supplementary_package/supplementary_registries/final_representation_registry.json | outputs/k2_e2_multiview_dataset/raw_multiview_dataset_manifest.json,true,true,csv | json | tex,table_s16_seven_view_representation_contract,PISD_PLUS_GRAPH_ALL is the predefined 108-dimensional PRIMARY view.
Table S17,Repeated object-level holdout contract,S5,outputs/k2_e2_experimental_boundary/object_level_resampling_protocol.json | outputs/k2_e2_experiment_inputs/object_level_split_registry.json,true,true,csv | json | tex,table_s17_repeated_object_level_holdout_contract,Thirty deterministic splits use astronomical objects as the independent units.
Table S18,Experiment seed contract,S5,outputs/k2_e2_experimental_boundary/experiment_seed_policy.json | outputs/k2_e2_experiment_inputs/object_level_split_registry.json,true,true,csv | json | tex,table_s18_experiment_seed_contract,Child seeds depend on the complete frozen experiment identity.
Table S19,Reference-fitted preprocessing contract,S5,outputs/k2_e2_experimental_boundary/preprocessing_policy_registry.json,true,true,csv | json | tex,table_s19_reference_fitted_preprocessing_contract,Evaluation objects never affect fitting; zero-scale columns remain in schema and map to zero.
Table S20,Frozen detector configuration grid,S5,outputs/experiments/isolation_forest/stage_16_1/isolation_forest_hyperparameter_registry.json | outputs/experiments/lof/stage_17_1/local_outlier_factor_configuration_registry.json | outputs/experiments/autoencoder/stage_18_1/autoencoder_configuration_registry.json | outputs/results/stage_22_13_manuscript_evidence_extraction/detector_configuration_table.csv,true,true,csv | json | tex,table_s20_frozen_detector_configuration_grid,Configuration rows are frozen transcriptions; no model is rerun.
Table S21,Complete representation-dependent rank agreement,S6,outputs/experiments/isolation_forest/stage_16_3/representation_agreement_registry.json | outputs/experiments/lof/stage_17_3/lof_representation_agreement_registry.json | outputs/experiments/autoencoder/stage_18_3/autoencoder_representation_agreement_summary.json | outputs/results/stage_21_5_final_results_freeze/registries/representation_findings.json,true,true,csv | json | tex,table_s21_complete_representation_dependent_rank_agreement,"Agreement is descriptive rank concordance, not classification accuracy."
Table S22,Cross-model agreement and predefined top-k overlap,S6,outputs/results/stage_21_8_publication_supplementary_package/supplementary_tables/table_s4_cross_model_agreement.csv | outputs/results/stage_21_5_final_results_freeze/registries/cross_model_agreement_findings.json,true,true,csv | json | tex,table_s22_cross_model_agreement_and_predefined_top_k_overlap,Top-k overlap is descriptive and not a classification threshold.
Table S23,Complete PRIMARY consensus ranking,S6,outputs/experiments/cross_model/stage_19_3/cross_model_primary_consensus_ranked.csv | outputs/results/stage_21_8_publication_supplementary_package/supplementary_tables/table_s2_complete_object_rankings.csv,true,true,csv | json | tex,table_s23_complete_primary_consensus_ranking,Rank 1 denotes the most unusual placement; no object is labeled a confirmed anomaly.
Table S24,Complete frozen robustness summary,S6,outputs/results/stage_21_8_publication_supplementary_package/supplementary_tables/table_s3_robustness.csv | outputs/results/stage_21_5_final_results_freeze/registries/robustness_findings.json,true,true,csv | json | tex,table_s24_complete_frozen_robustness_summary,"Robustness quantifies rank sensitivity, not detector superiority."
Table S25,Frozen scientific-inspection cohort,S7,outputs/results/stage_21_8_publication_supplementary_package/supplementary_registries/representative_case_registry.json | outputs/results/stage_21_5_final_results_freeze/registries/representative_case_evidence_registry.json,true,true,csv | json | tex,table_s25_frozen_scientific_inspection_cohort,Cases were selected from frozen evidence and are not confirmed anomalies.
Table S26,Cross-case scientific-inspection comparison,S7,outputs/experiments/scientific_inspection/stage_20_4 | outputs/results/stage_21_5_final_results_freeze/registries/representative_case_evidence_registry.json,true,true,csv | json | tex,table_s26_cross_case_scientific_inspection_comparison,External context is post-freeze annotation and cannot alter ranks or create a combined anomaly score.
Table S27,Known reproducibility and provenance limitations,S8,outputs/results/stage_22_13_manuscript_evidence_extraction/manuscript_open_items.csv | outputs/results/stage_22_13_manuscript_evidence_extraction/manuscript_evidence_report.md | outputs/results/stage_21_9_final_scientific_publication_freeze/registries/final_supplementary_registry.json,true,true,csv | json | tex,table_s27_known_reproducibility_and_provenance_limitations,"Includes execution-bound, corroborated, and unresolved items with explicit status; it is not a new scientific result."
