time_bjd_minus_2450000,relative_flux
1860.050335,1.174291723633053
1860.0707686,1.1275712655450536
1860.0912023,1.0914503890320468
1860.1116358,1.046010393875407
1860.1320694,1.025359123350358
1860.1525031,0.9974519874257746
1860.1729367,0.9725859691497425
1860.1933702,0.9542276573419047
1860.2138039,0.9284873689137331
1860.2342375,0.914340590678084
1860.2546711,0.8913658676863286
1860.2751047,0.8839994605699721
1860.2955382,0.8709475463616196
1860.3159719,0.8841378843172417
1860.3364055,0.8733573911564687
1860.3568391,0.8488520464332153
1860.3772727,0.815019500543041
1860.3977063,0.7852645642928402
1860.4181398,0.7843899127373785
1860.4385735,0.8594408653416354
1860.4590071,1.0858054070319971
1860.4794406,1.3581007842405055
1860.4998743,1.5578584704412552
1860.5203079,1.5978499742483052
1860.5407416,1.5305939769435
1860.5611751,1.4344717506010085
1860.5816087,1.3564756431985998
1860.6020424,1.28944849616472
1860.6224759,1.231617922134082
1860.6429095,1.1815497156272958
1860.6633432,1.1407960269679802
1860.6837767,1.1027371354671283
1860.7042103,1.0566033906301862
1860.724644,1.0233872453887969
1860.7450776,0.9989781746381564
1860.7655111,0.9736794408143681
1860.7859448,0.9490039061283575
1860.8063784,0.9263348433480907
1860.8268121,0.9089583843779013
1860.8472456,0.8966851965197752
1860.8676792,0.888824464785041
1860.8881129,0.8808865927549426
1860.9085464,0.88879171988482
1860.92898,0.8696810358305759
1860.9494137,0.8532179822957778
1860.9698472,0.8131599865309612
1860.9902808,0.7876041575579618
1861.0107144,0.7815486189603262
1861.031148,0.8402102977184724
1861.0515815,1.058112877762029
1861.0720152,1.3489753070561712
1861.0924488,1.5414306844219785
1861.1128825,1.6111649296823094
1861.133316,1.5418566563073581
1861.1537496,1.4458392156970203
1861.1741833,1.369417898931173
1861.1946168,1.3058821933576161
1861.2150504,1.2357425474908141
1861.2354841,1.1864569918527488
1861.2559177,1.1369254807723614
1861.2763512,1.1099208250893438
1861.2967849,1.0553876310037376
1861.3172185,1.0307088380027851
1861.3376521,0.9967448490375607
1861.3580857,0.9691790103747508
1861.3785193,0.9371217118179215
1861.398953,0.9065087490753754
1861.4193865,0.9122628720815172
1861.4398201,0.8957524403226784
1861.4602538,0.8777927711569823
1861.4806873,0.8688483886114587
1861.5011209,0.8757658376676994
1861.5215546,0.857803867558574
1861.5419881,0.8429231860175929
1861.5624217,0.8210999014406906
1861.5828554,0.7944306657958404
1861.6032889,0.7792341907678971
1861.6237226,0.8418292275777345
1861.6441562,1.0380732502434016
1861.6645897,1.3236830266049986
1861.6850234,1.5385088542764118
1861.7054569,1.6144180330892384
1861.7258906,1.5427942088635864
1861.7463242,1.4537843856076618
1861.7667578,1.3723092793987757
1861.7871913,1.2984104435255612
1861.807625,1.2308467974597563
1861.8280586,1.1927460857401744
1861.8484922,1.1334542624225141
1861.8689258,1.089200921260298
1861.8893594,1.0422118336612423
1861.9302266,1.0010228705569206
1861.9506602,0.9753129708297806
1861.9710939,0.9576702581955303
1861.9915274,0.9252348870876225
1862.011961,0.9187979128993568
1862.0323947,0.9001025664484628
1862.0528282,0.8838284964498688
1862.0732619,0.8768715910487866
1862.0936955,0.8810732176243598
1862.114129,0.8739286961716068
1862.1345627,0.8519223264285476
1862.1549963,0.8184421734293814
1862.1754298,0.7901835785298953
1862.1958635,0.7824417216325202
1862.2367307,1.012436980701675
1862.2571643,1.2961880105242845
1862.2775979,1.5106922456795244
1862.2980316,1.6201081248090872
1862.3184651,1.5468777760295658
1862.3388987,1.4595399942326603
1862.3797659,1.2715926237612862
1862.4001995,1.2367217536637782
1862.4206332,1.1902330350839627
1862.4410667,1.145534042768068
1862.4615003,1.1133097179740838
1862.481934,1.060679072054369
1862.5023675,1.039709470764974
1862.5228012,1.0006449317051185
1862.5432348,0.9696075755925394
1862.5636683,0.9407365114550622
1862.584102,0.931553924937975
1862.6045356,0.9223845077619512
1862.6249691,0.8980406592145227
1862.6454028,0.8757255080890757
1862.6658364,0.8604626030360607
1862.6862699,0.8679365949866699
1862.7067036,0.8643547042775024
1862.7271372,0.8406050601907069
1862.7680044,0.7855539197475814
1862.788438,0.7846644917119908
1862.8088717,0.8312889353895905
1862.8293052,1.0
1862.8497388,1.2827085807934924
1862.8701725,1.4946379323483872
1862.8906061,1.60740013327247
1862.9110396,1.5479609476709204
1862.9314733,1.447784757508076
1862.9519069,1.3768036225295122
1862.9723405,1.3099417981379502
1862.9927741,1.2505815005109893
1863.0132077,1.1924275459576525
1863.0336413,1.1259108388692387
1863.0540749,1.099623468206668
1863.0745084,1.0618422459931918
1863.0949421,1.0296461501362597
1863.1153757,1.0030532744391663
1863.1358094,0.9783449328389434
1863.1562429,0.9592504243673633
1863.1766765,0.9430354092397049
1863.1971102,0.9165243337847944
1863.2175437,0.9008158104742161
1863.2379773,0.8921872241806427
1863.258411,0.8798000858117924
1863.2788445,0.8790225168308838
1863.2992781,0.8771300702839365
1863.3197118,0.8608985968969836
1863.3401453,0.8263651622673769
1863.360579,0.7893688785193099
1863.3810126,0.7700519057411173
1863.4014461,0.8154399789632506
1863.4218798,0.9734552686475545
1863.4423134,1.257430528061671
1863.462747,1.4847864651504052
1863.4831806,1.6124267706310227
1863.5036142,1.5535741987367069
1863.5240478,1.4673847456196427
1863.5444815,1.3882126577822123
1863.564915,1.3171644479421487
1863.5853487,1.260305988887188
1863.6057823,1.195132344227936
1863.6262158,1.1538889116539923
1863.6466495,1.1135763528956808
1863.6670831,1.0770007357868818
1863.6875166,1.042912805463851
1863.7079503,1.0183099797323858
1863.7283838,0.980076554322584
1863.7488174,0.9603023684698059
1863.7692511,0.9426619990727485
1863.7896846,0.915562507699297
1863.8101183,0.8946063983858813
1863.8305519,0.8797352621340169
1863.8509854,0.87175811737589
1863.8918527,0.8681764478658768
1863.9122863,0.8485784529640852
1863.9327199,0.8219776329514564
1863.9531535,0.7962400163882204
1863.9735871,0.7796505686758146
1863.9940207,0.8085744238964658
1864.0144543,0.9623033551493844
1864.034888,1.2451107994933397
1864.0553216,1.4708486966670988
1864.0757551,1.616381979521467
1864.0961888,1.574243830620491
1864.1166224,1.4757473091176154
1864.1370559,1.3966384687625162
1864.1574896,1.3141108467373592
1864.1779232,1.257812771132645
1864.1983568,1.200173408106433
1864.2187904,1.1558992980604037
1864.239224,1.0957916834051804
1864.2596577,1.056953789085351
1864.2800912,1.0303386704997815
1864.3005248,1.0039867932411033
1864.3209584,0.9785792440285886
1864.341392,0.9539728172933144
1864.3618256,0.9291204092860773
1864.3822592,0.9063835189142291
1864.4026928,0.8943098208976201
1864.4231265,0.8857272372577756
1864.44356,0.8794679149453416
1864.4639936,0.8827627521904342
1864.4844273,0.8758303688566961
1864.5048608,0.8578512728619727
1864.5252944,0.836534776108011
1864.5457281,0.7986711556776973
1864.5661616,0.7911229803901695
1864.5865952,0.8176435214680492
1864.6070289,0.9518839409859252
1864.6274625,1.2373028121657645
1864.6478961,1.4633762421416514
1864.6683297,1.6123079670129037
1864.6887633,1.5739103815456086
1864.7091969,1.4863188989488396
1864.7296305,1.39971623526539
1864.7500641,1.3215633921287226
1864.7704978,1.2608865149045068
1864.7909313,1.2008368317359182
1864.8113649,1.1547926206735726
1864.8317986,1.1137917584886234
1864.8522321,1.0749097445936848
1864.8726658,1.045673254307196
1864.8930994,1.0229254880954508
1864.9135329,0.9827521440852173
1864.9339666,0.9567709928289205
1864.9544002,0.9446088279315716
1864.9748337,0.9233364919213053
1864.9952674,0.9122040582165477
1865.015701,0.8884561542029714
1865.0361346,0.8746292555385703
1865.0565682,0.8725212241330642
1865.0770018,0.8595675265605379
1865.0974354,0.8659563475706274
1865.117869,0.8433813634530275
1865.1383026,0.808112826473629
1865.1587362,0.7888383209091216
1865.1791698,0.8037851901581062
1865.1996034,0.9272567425805937
1865.220037,1.2032281947215617
1865.2404706,1.4365342997950366
1865.2609043,1.5959820406845617
1865.2813379,1.5747513886775875
1865.3017714,1.5019794821093349
1865.3222051,1.414373139441674
1865.3426387,1.330466671972564
1865.3630722,1.27270573174872
1865.3835059,1.2173066653544746
1865.4039395,1.163204302764436
1865.424373,1.1181601231721165
1865.4448067,1.0766040271335058
1865.4652403,1.0427111077501299
1865.485674,1.0178036406568678
1865.5061075,0.9907315650836802
1865.5265411,0.9678498787775801
1865.5469748,0.9452702722359917
1865.5674083,0.9270517968277985
1865.5878419,0.903666119714076
1865.6082756,0.8843007635355177
1865.6287091,0.8760885411662755
1865.6491428,0.866618588140808
1865.6695764,0.8685123532562359
1865.6900099,0.850777508114055
1865.7104436,0.8238800752710926
1865.7308771,0.8018183664924143
1865.7513107,0.7803114865851007
1865.7717444,0.8013015816970164
1865.792178,0.9202122280508843
1865.8126115,1.186850453297934
1865.8534788,1.5707533694445068
1865.8739124,1.570232637545173
1865.894346,1.4682229219171825
1865.9147796,1.3986337375787334
1865.9352133,1.3225009723007544
1865.9556468,1.2627343654528604
1865.9760804,1.2151223247959722
1865.9965141,1.1679062969205265
1866.0169476,1.1299624198198506
1866.0373812,1.0914101792544122
1866.0578149,1.0524755123053948
1866.0782484,1.024773768292329
1866.0986821,0.9926770924904162
1866.1191157,0.9729533102642703
1866.1395492,0.9504559636151259
1866.1599829,0.9307391882013462
1866.1804165,0.9160432945049234
1866.20085,0.8906519026502321
1866.2212837,0.8880225619101476
1866.2417173,0.8917435977179066
1866.2621509,0.8860699332087157
1866.2825845,0.8647289523233677
1866.3030181,0.8477816262828016
1866.3234518,0.8014639638747856
1866.3438853,0.7969223372373315
1866.3643189,0.7963720328794066
1866.3847525,0.9132128207604276
1866.4051861,1.1702536382562545
1866.4256197,1.4222370891530922
1866.4460533,1.5936612027990569
1866.4664869,1.5983945864988913
1866.4869206,1.519469545485705
1866.5073542,1.4344453268982227
1866.5277877,1.3618710877706004
1866.5482214,1.2800059840889337
1866.568655,1.218652826180404
1866.5890885,1.176749439177648
1866.6095222,1.1337779331137736
1866.6299558,1.1004137287378584
1866.6503893,1.063231904388198
1866.670823,1.03419872971164
1866.6912566,1.000921458319297
1866.7116903,0.9789849152474377
1866.7321238,0.9519891529011357
1866.7525574,0.9331597540991096
1866.7729911,0.9172252462489073
1866.7934246,0.9027261017718359
1866.8138582,0.885539626595363
1866.8342919,0.8944580973496424
1866.8547254,0.8853520556717737
1866.875159,0.8702499359651275
1866.8955927,0.8420618657280341
1866.9160263,0.808090497799541
1866.9364599,0.7845994511643148
1866.9568935,0.8051781852414076
1866.9773271,0.898876445170909
1866.9977607,1.1499739433059353
1867.0181943,1.4088475465113068
1867.0386278,1.6004717028436821
1867.0590615,1.6051366090476962
1867.0794951,1.5275941973039164
1867.0999287,1.4440957837411734
1867.1203623,1.3557761818645724
1867.1407959,1.2807489249342112
1867.1612296,1.2172842419435532
1867.1816631,1.178734513726351
1867.2020967,1.145829502100729
1867.2225304,1.1080924606741016
1867.2429639,1.0681297219925459
1867.2633975,1.03305632246796
1867.2838312,1.0046250431743797
1867.3042647,0.9770482247979383
1867.3246984,0.956101500999516
1867.345132,0.9356727898232337
1867.3655655,0.9261215714227283
1867.3859992,0.903458066854338
1867.4064328,0.89186680515947
1867.4268663,0.9081885035221674
1867.4473,0.8857843440439849
1867.4677336,0.8634396738399198
1867.4881672,0.844718488956528
1867.5086008,0.8015599324467819
1867.5290344,0.7769552399369699
1867.5494681,0.7981196436959376
1867.5699017,0.8947135199813886
1867.5903352,1.1242321479743271
1867.6107689,1.3982859697168117
1867.6312025,1.5741858344027955
1867.651636,1.59720256878576
1867.6720697,1.5252042262239311
1867.6925033,1.4528206360662288
1867.7129369,1.3713869107172503
1867.7333705,1.2967014605009344
1867.753804,1.2278575923643482
1867.7742377,1.1792014376630293
1867.8151048,1.1037329300754064
1867.8355385,1.0671070766708342
1867.8559721,1.0418375349865376
1867.8764056,1.0055970716684226
1867.8968393,0.9771022199701256
1867.9172729,0.9575115029128476
1867.9377066,0.9487417228822839
1867.9581401,0.920034260437903
1867.9785737,0.8983715705724735
1867.9990074,0.883958751827729
1868.0194409,0.8771139130997552
1868.0398745,0.8772916584962627
1868.0603082,0.8793869166870779
1868.0807417,0.8479378078139937
1868.1011753,0.8218186637563065
1868.121609,0.7934507956952621
1868.1420426,0.7911812746331867
1868.1624762,0.8705144810040895
1868.1829098,1.1148180711704472
1868.2033434,1.3745482840433705
1868.223777,1.5791086045088272
1868.2442106,1.6202424261007533
1868.2646442,1.530805450923755
1868.2850779,1.431146194196323
1868.3055114,1.3576755594274899
1868.3259451,1.2925043100837577
1868.3463787,1.2425789724833467
1868.3668122,1.181680312544786
1868.3872459,1.151341078350201
1868.4076794,1.1057781395665
1868.428113,1.06889734908117
1868.4485467,1.0406291808044112
1868.4689802,1.0013087239655858
1868.4894138,0.9801307168510728
1868.5098475,0.9556260941393725
1868.530281,0.9344498529060973
1868.5507147,0.9197885522215976
1868.5711483,0.8966851965197752
1868.5915818,0.8853765191910954
1868.6120155,0.8875810062620808
1868.6324491,0.883389026236758
1868.6528827,0.8773320602004389
1868.6733163,0.8503466399817472
1868.6937499,0.8138193279585109
1868.7141836,0.7887366108946744
1868.7346171,0.7859447187480989
1868.7550507,0.8479768576922632
1868.7754844,1.0681887506533567
1868.795918,1.346529895468682
1868.8163515,1.5481320440924144
1868.8367852,1.6045453637852733
1868.8572188,1.5401960313416443
1868.8776523,1.4514029451307773
1868.898086,1.3648345252450436
1868.9185196,1.3052448850878753
1868.9389533,1.231822124225427
1868.9593868,1.1848844500323727
1868.9798204,1.140764506044351
1869.0002541,1.0898833048903411
1869.0206876,1.0312500912821483
