retained_peak_id,frequency_day_inverse,power,retained_rank,is_operational_reference,is_dominant,alias_advisory,alias_reason_codes
retained_peak:observation:4a4591056283a9debf557521:0001,1.6821750714681922,0.6939659103903993,1,NO,YES,NO,
retained_peak:observation:4a4591056283a9debf557521:0002,3.37664581055596,0.1838201490023763,2,NO,NO,NO,
retained_peak:observation:4a4591056283a9debf557521:0003,5.0488208820241525,0.07657642626026612,3,NO,NO,NO,
retained_peak:observation:4a4591056283a9debf557521:0004,1.8382447448052235,0.03732095815758556,4,NO,NO,NO,
retained_peak:observation:4a4591056283a9debf557521:0005,1.526105398131161,0.030004390193166367,5,NO,NO,NO,
retained_peak:observation:4a4591056283a9debf557521:0006,6.74329162111192,0.02416717191453087,6,NO,NO,NO,
retained_peak:observation:4a4591056283a9debf557521:0007,3.5327154838929915,0.00933187693769866,7,NO,NO,NO,
retained_peak:observation:4a4591056283a9debf557521:0008,3.1982804695993527,0.009001004665273654,8,NO,NO,NO,
retained_peak:observation:4a4591056283a9debf557521:0009,1.3031487219354019,0.005705495494249903,9,NO,NO,NO,
retained_peak:observation:4a4591056283a9debf557521:0010,8.415466692580113,0.005382200649968422,10,NO,NO,NO,
retained_peak:observation:4a4591056283a9debf557521:0011,2.083497088620558,0.0052423495678594,11,NO,NO,NO,
retained_peak:observation:4a4591056283a9debf557521:0012,4.8927512086871205,0.004177278067874476,12,NO,NO,NO,
retained_peak:observation:4a4591056283a9debf557521:0013,1.1693747162179466,0.0036479286237715933,13,NO,NO,NO,
retained_peak:observation:4a4591056283a9debf557521:0014,5.2048905553611835,0.0034673321968275096,14,NO,NO,NO,
retained_peak:observation:4a4591056283a9debf557521:0015,2.975323793403594,0.0031151743409169436,15,NO,NO,NO,
retained_peak:observation:4a4591056283a9debf557521:0016,2.4179321029141967,0.0023874197143771217,16,NO,NO,NO,
retained_peak:observation:4a4591056283a9debf557521:0017,3.7556721600887504,0.0018931358855641524,17,NO,NO,NO,
retained_peak:observation:4a4591056283a9debf557521:0018,2.752367117207835,0.0018305455940501134,18,NO,NO,NO,
retained_peak:observation:4a4591056283a9debf557521:0019,0.9464180400221877,0.001803658506773051,19,NO,NO,NO,
retained_peak:observation:4a4591056283a9debf557521:0020,0.8349397019243081,0.001634733316611802,20,YES,NO,NO,
retained_peak:observation:4a4591056283a9debf557521:0021,6.899361294448951,0.0015491853805024648,21,NO,NO,NO,
retained_peak:observation:4a4591056283a9debf557521:0022,4.090107174382389,0.001406421598269134,22,NO,NO,NO,
retained_peak:observation:4a4591056283a9debf557521:0023,0.5005046876306697,0.0012591809461047192,23,NO,NO,NO,
retained_peak:observation:4a4591056283a9debf557521:0024,4.536020526773907,0.0011997383544817798,24,NO,NO,NO,
retained_peak:observation:4a4591056283a9debf557521:0025,5.338664561078639,0.0011185606645033657,25,NO,NO,NO,
retained_peak:observation:4a4591056283a9debf557521:0026,0.16606967333703126,0.001097040297612615,26,NO,NO,YES,near_maximum_window_sidelobe
retained_peak:observation:4a4591056283a9debf557521:0027,6.587221947774889,0.0010939265826885015,27,NO,NO,NO,
retained_peak:observation:4a4591056283a9debf557521:0028,10.10993743166788,0.0009732072518100869,28,NO,NO,NO,
retained_peak:observation:4a4591056283a9debf557521:0029,6.230491265861675,0.0006552002731964586,29,NO,NO,NO,
retained_peak:observation:4a4591056283a9debf557521:0030,6.4534479420574336,0.0006523572488158183,30,NO,NO,NO,
retained_peak:observation:4a4591056283a9debf557521:0031,3.9786288362845093,0.0005766435932749994,31,NO,NO,NO,
retained_peak:observation:4a4591056283a9debf557521:0032,0.6119830257285492,0.0005758359488326061,32,NO,NO,NO,
retained_peak:observation:4a4591056283a9debf557521:0033,8.259397019243082,0.000504320934526964,33,NO,NO,NO,
retained_peak:observation:4a4591056283a9debf557521:0034,8.928267047830358,0.0004359791994404368,34,NO,NO,NO,
retained_peak:observation:4a4591056283a9debf557521:0035,7.23379630874259,0.00039568920468509565,35,NO,NO,NO,
retained_peak:observation:4a4591056283a9debf557521:0036,9.797798084993818,0.0003914339788380577,36,NO,NO,NO,
retained_peak:observation:4a4591056283a9debf557521:0037,7.100022303025135,0.0003772944547071019,37,NO,NO,NO,
retained_peak:observation:4a4591056283a9debf557521:0038,8.571536365917144,0.0003688572290412192,38,NO,NO,NO,
retained_peak:observation:4a4591056283a9debf557521:0039,11.514564491701162,0.000349905930799227,39,NO,NO,NO,
retained_peak:observation:4a4591056283a9debf557521:0040,16.70945504706235,0.00030445057745571714,40,NO,NO,NO,
retained_peak:observation:4a4591056283a9debf557521:0041,0.27754801143491076,0.00029419584888847007,41,NO,NO,NO,
retained_peak:observation:4a4591056283a9debf557521:0042,5.6730995753722775,0.0002849092832472718,42,NO,NO,NO,
retained_peak:observation:4a4591056283a9debf557521:0043,8.125623013525626,0.0002799366358011076,43,NO,NO,NO,
retained_peak:observation:4a4591056283a9debf557521:0044,16.977003058497257,0.00026792018737032834,44,NO,NO,NO,
retained_peak:observation:4a4591056283a9debf557521:0045,9.24040639450442,0.0002481491938414413,45,NO,NO,NO,
retained_peak:observation:4a4591056283a9debf557521:0046,18.939021809019938,0.00024195925314087608,46,NO,NO,NO,
retained_peak:observation:4a4591056283a9debf557521:0047,7.568231323036229,0.000238034887709066,47,NO,NO,NO,
retained_peak:observation:4a4591056283a9debf557521:0048,10.934877133592188,0.00022236238030593614,48,NO,NO,NO,
retained_peak:observation:4a4591056283a9debf557521:0049,16.397315700388283,0.00022208182980936185,49,NO,NO,NO,
retained_peak:observation:4a4591056283a9debf557521:0050,18.6045867947263,0.0002197015801517233,50,NO,NO,NO,
retained_peak:observation:4a4591056283a9debf557521:0051,6.096717260144219,0.00021226852173532006,51,NO,NO,NO,
retained_peak:observation:4a4591056283a9debf557521:0052,4.313063850578148,0.0002101298530943625,52,NO,NO,NO,
retained_peak:observation:4a4591056283a9debf557521:0053,7.880370669710291,0.0001985477531541931,53,NO,NO,NO,
retained_peak:observation:4a4591056283a9debf557521:0054,10.622737786918126,0.00018895500242343315,54,NO,NO,NO,
retained_peak:observation:4a4591056283a9debf557521:0055,9.507954405939332,0.00018747781150097858,55,NO,NO,NO,
retained_peak:observation:4a4591056283a9debf557521:0056,14.123157603191542,0.00017063369306249802,56,NO,NO,NO,
retained_peak:observation:4a4591056283a9debf557521:0057,18.738360800443754,0.00016781159472426487,57,NO,NO,NO,
retained_peak:observation:4a4591056283a9debf557521:0058,17.578986084225807,0.00016709406667206317,58,NO,NO,NO,
retained_peak:observation:4a4591056283a9debf557521:0059,14.413001282246029,0.00016642190412757675,59,NO,NO,NO,
retained_peak:observation:4a4591056283a9debf557521:0060,5.918351919187612,0.00016250995525924537,60,NO,NO,NO,
retained_peak:observation:4a4591056283a9debf557521:0061,19.273456823313577,0.00016233052898099055,61,NO,NO,NO,
retained_peak:observation:4a4591056283a9debf557521:0062,10.355189775483215,0.00015706567304424129,62,NO,NO,NO,
retained_peak:observation:4a4591056283a9debf557521:0063,19.541004834748485,0.00015320857403059015,63,NO,NO,NO,
retained_peak:observation:4a4591056283a9debf557521:0064,9.664024079276363,0.00014163440519342123,64,NO,NO,NO,
retained_peak:observation:4a4591056283a9debf557521:0065,11.2024251450271,0.00014010089904523007,65,NO,NO,NO,
retained_peak:observation:4a4591056283a9debf557521:0066,17.289142405171322,0.00013361572988799565,66,NO,NO,NO,
retained_peak:observation:4a4591056283a9debf557521:0067,12.07195618219056,0.0001335270292419012,67,NO,NO,NO,
retained_peak:observation:4a4591056283a9debf557521:0068,15.037279975594153,0.0001256038101741113,68,NO,NO,NO,
retained_peak:observation:4a4591056283a9debf557521:0069,12.874600216495292,0.00011006653504062027,69,NO,NO,NO,
retained_peak:observation:4a4591056283a9debf557521:0070,12.33950419362547,0.00010991355660092909,70,NO,NO,NO,
retained_peak:observation:4a4591056283a9debf557521:0071,16.1074720213338,0.00010738063149376191,71,NO,NO,NO,
retained_peak:observation:4a4591056283a9debf557521:0072,18.136377774715204,9.985420082999656e-05,72,NO,NO,NO,
retained_peak:observation:4a4591056283a9debf557521:0073,12.584756537440805,9.453300952185523e-05,73,NO,NO,NO,
retained_peak:observation:4a4591056283a9debf557521:0074,11.782112503136073,9.448303939558733e-05,74,NO,NO,NO,
retained_peak:observation:4a4591056283a9debf557521:0075,13.142148227930202,8.967422157479738e-05,75,NO,NO,NO,
retained_peak:observation:4a4591056283a9debf557521:0076,15.349419322268217,8.767576057392315e-05,76,NO,NO,NO,
retained_peak:observation:4a4591056283a9debf557521:0077,8.014144675427746,8.691703631726142e-05,77,NO,NO,NO,
retained_peak:observation:4a4591056283a9debf557521:0078,15.639263001322703,8.060339920389959e-05,78,NO,NO,NO,
retained_peak:observation:4a4591056283a9debf557521:0079,14.747436296539666,7.956000179703946e-05,79,NO,NO,NO,
retained_peak:observation:4a4591056283a9debf557521:0080,18.403925786150115,7.350986524864197e-05,80,NO,NO,NO,
retained_peak:observation:4a4591056283a9debf557521:0081,13.766426921278327,6.409049179652831e-05,81,NO,NO,NO,
retained_peak:observation:4a4591056283a9debf557521:0082,9.95386775833085,5.803505714630175e-05,82,NO,NO,NO,
retained_peak:observation:4a4591056283a9debf557521:0083,13.454287574604265,5.723404029505427e-05,83,NO,NO,NO,
retained_peak:observation:4a4591056283a9debf557521:0084,17.868829763280296,4.691354672338552e-05,84,NO,NO,NO,
retained_peak:observation:4a4591056283a9debf557521:0085,11.648338497418617,4.518857678697274e-05,85,NO,NO,NO,
retained_peak:observation:4a4591056283a9debf557521:0086,15.862219677518462,3.324192502149989e-05,86,NO,NO,NO,
retained_peak:observation:4a4591056283a9debf557521:0087,8.7053103716346,3.3084429267908136e-05,87,NO,NO,NO,
retained_peak:observation:4a4591056283a9debf557521:0088,19.808552846183396,2.48681848665389e-05,88,NO,NO,NO,
retained_peak:observation:4a4591056283a9debf557521:0089,13.900200926995783,2.1434353095759396e-05,89,NO,NO,NO,
